"Name","Classes","LL","n","Parameters","AIC","BIC","saBIC","Entropy","prob_min","prob_max","n_min","n_max","warning","lmr_lr","lmr_p"
"1",1,2592.31918551832,978,9,-5166.63837103663,-5122.66878400632,-5180.92887229532,1,1,1,1,1,NA,NA,NA
"2",2,3797.77660263382,978,13,-7569.55320526765,-7506.0415795572,-7591.84370652633,0.918352100587608,0.969607854928889,0.980011379831991,0.312883435582822,0.687116564417178,NA,2299.58975378502,0
"3",3,4264.42608153196,978,17,-8494.85216306393,-8411.79849867334,-8525.14266432261,0.954761683672392,0.962795170323189,0.993350145671838,0.0950920245398773,0.641104294478528,NA,890.203457249501,2.20906898764396e-191
"4",4,4264.44584478692,978,21,-8486.89168957383,-8384.2959865031,-8525.18219083252,0.718946795710199,0,0.993375589303133,0,0.641104294478528,NA,0.037701355473021,0.999824543119973
"5",5,4264.4458447594,978,25,-8478.8916895188,-8356.75394776793,-8525.18219077749,0.545945837083179,0,0.993375596796039,0,0.623721881390593,TRUE,-5.24888565863976e-08,1
